"rows","cols","vals"
0,4,0.124691358024691
4,5,0.101058201058201
3,6,0.106172839506173
7,8,0.13342151675485
2,9,0.113227513227513
