rows,cols,vals
0,4,0.12469136
4,5,0.1010582
6,3,0.106172845
7,8,0.13342153
9,2,0.11322751
